name,operatorAddress
Disperze,evmosvaloper1sp9frqwep52chwavv3xd776myy8gyyvkv5uysl
Cosmostation,evmosvaloper1f35jtt5m68zlxkpxn75403vv82cchahqvfsrup
Allnodes,evmosvaloper1c55g6u7q2uzgks9gjp80sle8n6qcyg64vk64g2
Oni,evmosvaloper1hyytyjxr02j72cx0cgjl24s3nn2yrdqqaslk84
OrbitalApes.com,evmosvaloper1mx9nqk5agvlsvt2yc8259nwztmxq7zjqep5khu
polkachu.com,evmosvaloper125fkz3mq6qxxpkmphdl3ep92t0d3y969xmt8hz
Citadel.one,evmosvaloper1p5k54qk9jdamvw4r756g7dxsjarf6p0l3huk84
SG-1,evmosvaloper1dgepvcm7mqdqmzz9lng8kh88ykd298esn8qya5
Stakely.io,evmosvaloper19fxanpnjlggzuur3m3x0puk5ez7j9lrttexwsw
Provalidator,evmosvaloper1tdss4m3x7jy9mlepm2dwy8820l7uv6m2vx6z88
ECO Stake,evmosvaloper1umk407eed7af6anvut6llg2zevnf0dn0feqqny
Stakecito,evmosvaloper1yujr2clwszfmt65myeq2lp6jnjv364hjjln5ua
Frens,evmosvaloper14zatq4jagqtm9ejgvglnv0t364d88u80futp65
Swiss Staking,evmosvaloper1vw76ju5rwt9us7kz8tg42t6yfmq2jftydu74u6
alkadeta,evmosvaloper13h9qxch4r8ep2x8ynwlmcvcl6h902zg5elznhq
Meria,evmosvaloper1hn8u6x03mklzdy69r9khsd9q4yft7gmrkz8qkj
POSTHUMAN  StakeDrop,evmosvaloper1jk7umxyky5m5dul46t8nxneavlg7eysjr6lfj7
Imperator.co,evmosvaloper1fqeezech7r9mr20aggde4a36qf4zy57r5qm0dm
Smart Stake,evmosvaloper174jlcery04j6r7wgvequeysruyjlhtcmlhnhy2
0base.vc,evmosvaloper1rh9uz23gmhr6q92a45qrath4fr9ffefz4eas0z
DragonStake,evmosvaloper10qpycc2egucukw8afcz4us7xlxxmfwh6rscvjz
[Sunsetting on July 17 - please redelegate],evmosvaloper1pj3c7q7tj888h4ms9uq2qql2hf84pndx3zvleu
NodeStake,evmosvaloper1xaxg47uw046uw8vgpp3da367ctw9aguqjuyyyx
Mandragora,evmosvaloper1zqkrqsvrn4hskeywd56gx2dcy50mnyp6wq7txc
Trust Nodes,evmosvaloper1k875gxzhegt59na74z5a8ejhen2thhvejk4r2e
Hanchon.live,evmosvaloper1dgpv4leszpeg2jusx2xgyfnhdzghf3rf0qq22v
binary_holdings,evmosvaloper1vhuyfr9l7ytd0w9mtdx2033qrc0s6vjj8w37j6
Nodes.Guru,evmosvaloper1vw7k3z99swlv7svjmnrrqvu6zdmatqhvzuz7lu
MZONDER,evmosvaloper1zk0sx2e677293wfmhxngpexu50vps3sdwyef92
Cosmos Spaces,evmosvaloper17z0xyw6vwjn6gqj86s3axs7mjsngdl6sncdwga
jabbey,evmosvaloper17vze0tk7q7gwpd6jt69p4m5svrty40yw9a88e3
DeFi100-iCosmosDAO,evmosvaloper1k9lay7ec328u2cmmtp8m8309msztt5hz7euvcc
Jerry's Pool,evmosvaloper1lldjhjnn32e8vek7cxe9g05nf8j74y0xs5zmsu
Interop (shutting down Sep. 23th),evmosvaloper1wvgslxyxtg798cwsjj9epjcxxj8xqhj4a4pfzq
Citizen Web3,evmosvaloper1mtwvpdd57gpkyejd566s24afr9zm5ryq8gwpvj
Legion Nodes - Shutting Down 9/20,evmosvaloper1uc2v23g8cha0m6kd2ghwn766fyccf0nmfw3prt
Redelegate-Please,evmosvaloper1qh3vayfp3fwl8cx84fytwpzpzfdg8rcnc2q6uf
AutoStake Slash Protected,evmosvaloper1shvcjzhcxau6qtlz9w82a646ecwp4hq7ayqt0w
silent,evmosvaloper1psf28krr9muve6w0qzgjlrju5mamlsac96l85q
Lavender.Five Nodes,evmosvaloper155yk4wfn0xqye80exlsr6hu4qdfsvsgw63w87l
Regenerator | Green Validator,evmosvaloper1x322q9d7dvm0xw9966c8730pn083rv3q6ddtyx
AM Solutions ,evmosvaloper1qx7u07f2tv5j8677r3ttt97prkc2dgcyp2km24
Validatrium.com,evmosvaloper1fn9ldnvd5mt2fcn5prq2lhvcga6tmtlhugv8x3
Chandra Station,evmosvaloper18zt355ccyxd3kj23mz5hdz00qqn5lk5kjnj74m
Chorus One,evmosvaloper14yeq3lkajldaggj28hmq8xng9xux7x5g86tx29
TC Network,evmosvaloper1yw3uzauqx3lywnttftjr728e3j6e9ptfk7h406
Alphabet,evmosvaloper133p2ksvmtlnj3e30ekrdkqgj25eaahncuj27wm
Golden Ratio Staking,evmosvaloper1t3rfzrxeslmtz62mydyf2xmmxehwk7xzaaucjd
Stakin | Discontinued,evmosvaloper1sq9ggymzx02vcp7kf6yyar83scfm4r22swu673
StakeTown,evmosvaloper147hzfg34xumd2aplfhx39hweqsem8v0zxqtehx
Qubelabs,evmosvaloper1f08fffp8zz42jj0f6wh3gyu7he4hf6zzs6mn8j
Encapsulate (fka KingSuper),evmosvaloper1s5sckwx0h02xw7qkdyu6auj8vq0a5gcr2u98kc
Bro_n_Bro,evmosvaloper1ce4vh0e5kanlgc7z0rhcemvd8erjnfzcyfecl7
windpowerstake,evmosvaloper1qmpmzdesg9gr5wpyzkssayldnhk3pa8x2nwlwp
sleepykitten loves you <3 - Re-delegate,evmosvaloper1lwfuc2lc27mk8yys2zcd0qttcwmnd6x7gks5m5
[Sunsetting,evmosvaloper1ak9t7kwk44azu6cefqdydqmy3hen28nvdjjvz0
CosmosPug ,evmosvaloper10q09k0flvffqzcmy2nx20nhxzs78nnesrv60ad
evmosius,evmosvaloper1qp49y6vh8vvv5yf8ule8fwx6sss82ncz39tunl
StakeLab.zone,evmosvaloper1f6m9d94lkenw9fy5wmytatt76l849kx6ugdz70
Kalia Network,evmosvaloper1492mycgzlzw2htuwqdny0r55s5t0zype4m9pzl
Tedcrypto.io | TedLotto,evmosvaloper19fv2gwkgv3x53lau3um6tzg7qxvq96grvg97zr
GATA HUB,evmosvaloper1w9m6p7ctu4gkdsr8plle997h25rzsa96xlzfat
Antrix Validators,evmosvaloper1q0e82hv8glx8nfqnwu4pyk8gdps0zezhp3verj
BitNordic,evmosvaloper1tjm6jya5wh65ha55c6279glcsa3mcs9srscytj
Ztake.org,evmosvaloper1kdtl3gqzd69r5uw06aa09lnqunjz23zymxhcan
Gelotto  Slash Protected,evmosvaloper1v4crs2adgcu2cdm2jxq07mw7ugzx0z4x6alxeg
Please Redelegate,evmosvaloper1suvf29zmvlmgg92zngez946nj8jrtu4hmxpwqv
Earn Network,evmosvaloper123j6k47xqfj7xp8ayut4s60e90vwjrtn60fuxj
stakefish,evmosvaloper1tcty2k97cdv5sc6xcdf2atrrxq0zg7vvjyfsmr
Architect Nodes,evmosvaloper1gzycxekfxq2hvu9jt255aajvlakay9nvz4p5jf
DELIGHT,evmosvaloper1juhvrddz4ch74tnvqrdn46t2fy78hg70mjspt6
Pls Re-Degelate (shut down on 2024.05.20),evmosvaloper18zhvafj8jcezdut6z9u0pcsnqy978ya9d25du5
EZ Staking,evmosvaloper1n4kuugnh2z5dsug7egamma7chnjcdfu4jwhq76
HoodRun,evmosvaloper17aplkq60nqqnawztjlxyk0wwtc9l2uv955003h
NacionCrypto - Parceros,evmosvaloper139gzv3nvlkp4ylrywsnj8eurm6qwp8t3l9a2gy
INACTIVE - PLEASE REDELEGATE,evmosvaloper1teve9jdzedzu64mty72qc2888kh7t9hjchp5y2
BlockHunters ,evmosvaloper15n2ms99yx2lycwk0msmtlj9yxhtlmqeymtg4c3
pro-nodes75,evmosvaloper1cn3mdzauql5af585mq0xksn26lmlh7naplgs6c
Informal Systems,evmosvaloper10xhy8xurfwts9ckjkq0ga92mrjz9txyy6y8l2g
<decommissioned>,evmosvaloper1zwr06uz8vrwkcnd05e5yddamvghn93a4hsyewa
AlphaNodes,evmosvaloper1tczjwjrr36e0l5jjqnwrp95kv8mk57zdmxse4m
heisenbug,evmosvaloper1q3aejvmwj9dxturgk00jv7hkwxld7ny7642tr8
Blockchain at Berkeley,evmosvaloper1y6yvdg2xdltzr0v5hvf8zvxk373xwas4jwgvkp
Interbloc,evmosvaloper148hpdcvge7jgjr4xxjufcq56w5k4rr0pnnqxla
Deprecated Validator,evmosvaloper19e53dt5r9w2mstt32jnj43xrxlyprnc085tl30
Cypher Core,evmosvaloper1rw4nendrehkr5tkhjswzy8ts97dvwg7rc0u0kp
Active Nodes,evmosvaloper1ufg2a3vc4vmsmxtjmckjzltqvz83ste98mr6x5
evmos4volunteers,evmosvaloper17ucx8wx9mz9f2a4ccum536gthydprcum3kcuc2
First Foundry,evmosvaloper197ahcv2x9jj0nmvnen4sqqfffhygjga7rk3shu
a41,evmosvaloper1k96y0w5wf089nuvvym3s324c8umd3vvm4yh578
 CryptoCrew - 100% MEV revenue to Evmos stakers! #IBCgang #REst,evmosvaloper1qhazu8zleyn5chrkxymewx3xw5guq2vm6q7zl0
Notional,evmosvaloper1rv94jqhlhx6makfwl6qs390e4shg32m6w6dxzy
Coverlet,evmosvaloper1kualgrr9qup0983gj44fczyvcda8ea47y494mz
Crosnest,evmosvaloper1aep37tvd5yh4ydeya2a88g2tkjz6f2lcrfjumh
w3coins,evmosvaloper1mh2lvhy0clzlx645yet4340ra0p5hh2zjyptj9
Redelegate-to-new-Stakecito-Node,evmosvaloper18fdznufds7xcgthx00jmpvf6pplt7g4n7hc5ah
Validavia,evmosvaloper1wxllvjqmha2p437dpczat82wzpr8gem04jkwmz
SmartNodes-Family  Slash Protected,evmosvaloper13nujml9r2dg85nucffe82xq3yg8f35qxmfal7p
Stake&Relax ,evmosvaloper1t4j6njtzq9chhcp2qzmr8r5gj7zjyc0hnnc9gv
 uGaenn ,evmosvaloper16jr6ewgp0ypu39z80lywgzwjrx99vxcq4sdfzf
Vault Staking | Slash Protected,evmosvaloper1k5hcl0cjprzewwvzhz3um589kx8skzlrneuepu
[Beehive],evmosvaloper1nfx47fqnqpcarqwt7qn4fk0llc57vvh3wgg35c
(Closing) Please redelegate,evmosvaloper1d74wdckw5vyn6gwqt4r0ruemp9n8vmwtudw848
Keplr (Shutting down on Nov 30),evmosvaloper1taksrncag8zudrzg8uz8n0hld5galarzzzdapy
DO NOT DELEGATE,evmosvaloper1tfc7t9yx00sw4w4d3sj7a22e4mmsed30gjkwx2
[SHUTTING DOWN] AUDIT.one,evmosvaloper1gj8uu6pxcncdtav707a86v3sqva2svn45sx62g
CLOSING 2024.03.31 REDELEGATE,evmosvaloper1x5y65hgngh77sxta6s2vpjnfjep3ltllyhf2hs
STAVR REStake ON,evmosvaloper1v3q2kuups8gzjk2930haevwn08gl9vfld69m9g
RHINO | 10% to Wildlife,evmosvaloper1vrruadnv4glvjze923m9rjaq96fyzks6egmspz
Coinbase Cloud - Shutting Down Nov 17 Please Redelegate,evmosvaloper1h62qm8qcctvcdd8t3jwm9jcc9cwleqjgnsn7ry
Tessellated,evmosvaloper1mfu6uer0zatrqaz6435m2zk40ls25tt38r4t8t
blockscape - PLEASE REDELEGATE,evmosvaloper1sx5qerxjzthnjzne7wz4x6ml4envjehvwtx8c7
KalpaTech,evmosvaloper16ywlfq3ansuh70tjtenazpdwcn6rg279gjadep
FUCK EVMOS SCAM,evmosvaloper1rhddecqpwfjdkwmu6lmfzekh936kcu6wxs7jxa
DO NOT DELEGATE,evmosvaloper1vdvflras2n3h7fjhe95h86wsy0z2nlsktngrp8
WhisperNode,evmosvaloper1chx7v975g72xuw8kdpjt94dh35daqqfyc37kys
HashKey Cloud,evmosvaloper12a6wa97lsv8wm62j07tz0xeqvfxddzyfg72d45
Multiplex,evmosvaloper1dj0mysdn05447p9ncsq9g424fv2ynaxryhpjkc
ericet,evmosvaloper15ksyw7t5t9e7w9n3d2jqqmv7y334mfrhfvvnge
Node is being decommissioned,evmosvaloper17hd4fyhqkgply6klljx3ugqemhdgqhe8xu2yu6
Let's Node | Expandingspace.io,evmosvaloper1cw8035q5dh9yc5gmk9zzt6k2ven0w292uuk96v
ChainTools,evmosvaloper10666nk6c845g295h9y77eprzpepdv82gnrrs4c
Shutting Down on August 03,evmosvaloper1jhe4gfgl7wv3s99h3d9tz4g833j8265e7cjqyw
Dora Factory,evmosvaloper199pa5qse6j24efpwejh4f5dp5p4gtp4a9mwkux
Vitwit (Previously Witval),evmosvaloper10pcga9su5me3dp5g4jln49uxjq7c9s2u9qy9zu
Validators United,evmosvaloper108eqqslmfeyd2esvgfa4333lthn2dw30q4uxyv
GalaxyStaking.space - DISCONTINUE,evmosvaloper1d6c097pmd6avh0x3spfwc0cagc690e2mmkpx4h
Chill Validation,evmosvaloper1fmfhpcc00r6ejuclv2fje3egruruk9upe7tl4s
Shutdown-REDELEGATE,evmosvaloper1g3jy2wdjus4gka7e5dud7etz0u3mcnfs9vt5cr
carbonZERO,evmosvaloper1ulkhal0g0fmgsjlf8q7mdd46m6t9sqkhmpfvfd
Crypto Assassin,evmosvaloper1wdmrn8tsk57r9qds3g77hqmr8vejnhky9de6u8
Jackal,evmosvaloper1fpjf8aywxg9qxexfwu9lanlgw58f5fhqfu348k
Bored Ape Server,evmosvaloper1v6ack3xwvnktwkq00kw4ld5xxlw55r5zmh26k0
Validatus,evmosvaloper1mhgczywyrngjudmskrmhhtehlq4yccu00ck2er
CryptoDungeon,evmosvaloper1y08xd8cswkxkefgsh0yzpcav337mhd9800t3z3
kallen,evmosvaloper1hay4kqak5h9zvp0r43y6nggprug4uc2qs0pn0j
01node,evmosvaloper1g57n4k08sk5z6ramzsgzrapgpsjsyh4t5tldw5
0% Fee | NodeOf Cosmonauts,evmosvaloper1d7uejj7he40g6g999dlpfg5egeq9jvkmlzvsjn
qwoyn,evmosvaloper1f45kvvy80gzcfccgvmg5gjzelwxeuk2k26xelm
strangelove,evmosvaloper1yautax6xx2z8rp5vcx3l3y4w97geykeur33m6w
Psycho Node,evmosvaloper182d5yfc5wwaphwjm5wqj9xmsf0vmp30qrtjllu
DO-NOT-DELEGATE,evmosvaloper1jxruqmfurgxrem4phvaqxkvprxa6fr0ncg3t88
DOUBLETOP,evmosvaloper1eqyslur6vku64v4r30hfchmr90awt5p96cumdv
Crypto Lion ,evmosvaloper1dwezh5d2d79te83u63cr9h8gce02c84t6srxz9
DO NOT DELEGATE. TURNING OFF 2/10,evmosvaloper1n9f25qr9hkt4alsq3d3jmrc6x246nmc7ghujrh
Kleomedes,evmosvaloper15d2qqhqxvde0yp9wvewv095ln5yl44spvdmfc5
!!!CLOSING!!! REDELEGATE BY 15 JULY 2024,evmosvaloper1kw03prf96w5rrj53pvhdnmsnr469dn9gqmsqwg
ZKValidator,evmosvaloper1hdslyd0vwj8ym368tqc5jdpu6hxrqvx9zex5yz
Klub Staking - SHUTTING DOWN - Redelegate to Meria,evmosvaloper1rvsmc4k7ay8hc6nlz50lw8hskygvdptmwr3rdl
Stake Frites  ,evmosvaloper1pz3mcahcrglf3md4lggax5r95gvmppc6x5w7hw
Validating Chaos -  NFTs to delegators,evmosvaloper1glfl3hd0tpqyu6fa23qsspyqya99kh0juhhhqq
Shutting Down | Please Redelegate,evmosvaloper146mfv59nypacvs5l9h0takrcv8jtlk90wr0ggp
TR-3B ASTRA,evmosvaloper10w68lsj5avr354xssl3dlu5c8gfclamuexjfzf
bailey,evmosvaloper1qq95x6dhrdnrfunlth5uh24tkrfphzl9crd3xr
Please Redelegate,evmosvaloper1a22spreqspsh9s3v67ctsuzaf9n4kallj7wuzf
airdropdao,evmosvaloper1cpa5rlkxt8x7nu8rnqm9q4wc8qan5ve5cvd8e5
Cosmoshield,evmosvaloper1g376mzt2kcszpf7y3ee7r8jpseq2zv9hshf5g3
Sentinel dVPN,evmosvaloper1rwy29t3eup0tnaph08rezdjsmckzqemkxh535w
Consensus One,evmosvaloper18lgy886ruwkuaefm2c0sn0gt9kgnj0de3kt6pv
Trailblazer--shutting down-Please Redelegate,evmosvaloper1kegt9p7se6mpmtt47axx0rwxlp8tr5626pq09u
Please Redelegate. Shutting down,evmosvaloper1aqjfvunjprdhs660e9yfa8wdulc7rxlzz43hn3
Validatus,evmosvaloper15fezptqfn3rmxtl4006ze9plealy4w9xdfamnv
Please undelegate,evmosvaloper1gyxqlahz6g9ws5cu0tk3gccgryzja7558f069r
Please Redelegate,evmosvaloper1w2j20fj2a4wfmvqnhfhv4mfxkw5xxt09x8esyj
DO NOT DELEGATE,evmosvaloper1h9y3jxm5d3fqlnfczxqcdagn43d44qezj9m7et
Forza ,evmosvaloper1rychv980zc64hj9r484prj9etd79enegmzrwnf
Arctic,evmosvaloper1tk9m4drzupjpsdfr99t5pkhtl0w57ykpvvsvcm
SHUTTING DOWN PLEASE REDELEGATE,evmosvaloper17zaf6jk6gupa0mgnyyt7e4u8y783k6u3wz6avj
<decommissioned>,evmosvaloper1fy7l4avx0laq5w7me3kt4vlwlha8zwzgdjcvv0
Please REDELEGATE,evmosvaloper1ae6cgh398k7axy6a8jgsv3sw82tckt9202w38y
REDELEGATE | CLOSING 06/06/23,evmosvaloper1dk4ste222kp256ky00553nexna0rh38hx2ur6c
Cosmos Cats,evmosvaloper1jkqgnx9y8jm9gu6r56686f5s4hjmuvkau8w6zt
Square Labs-PLEASE UNDELEGATE,evmosvaloper1u6ndfv26nc2jw43kx0kzck8s9pnunakwgu8vmc
Do Not Delegate Here - SN,evmosvaloper102qhm689yg9g0z8eucmylfdel69ja6mmfvrjxh
Aureus-Trading,evmosvaloper1awacjk9kskd9qdyrfgy45jc4zs65j083syng9g
Wetez,evmosvaloper1jd6w3lm4y22680fkwvykx5h8tjzftd9z0mdcqm
Quebec,evmosvaloper1xsc2lnpf9jwem8kujlqan44ywet3trj2sezfhg
Impulse,evmosvaloper16d9wa7uzahhmr9ekahyaejr9sdpmj9glg4vurm
[Beehive],evmosvaloper17jyfw78xztc8crq4t8znjlg8ld76lkzkg2hny3
SpaceStake,evmosvaloper1zwqsh4vwmcvmff200suc28ln2du9ypzwyj4wve
wb3addctd,evmosvaloper1lr7tdf32qchnw6dmwrv6n88g48epkhchq4m29q
Element,evmosvaloper1hff5hzynl9vqp8pza50hf7u9yafmwlmd8v6e5a
artifact,evmosvaloper1jytln8383q09vgfmd54jzh4dk496mvjzy33kwr
QuantumNode.io - Token and NFT airdrops to all delegators,evmosvaloper1e5vafahaguws6aekhvs79nrjch0mzjzx2xjgt7
Please redelegate to the new spacefi.io validator | Old spacefi.,evmosvaloper1tppfkc7qtf7jmz3kat9za09d50yftjlr8rhdkr
Please Redelegate,evmosvaloper152y6pcgsagwh5q8933vecex840adml37rsmep3
BabyScope,evmosvaloper1jjukyfxfusatfjpx99cekxyvms95ergafme8l0
 Mercury,evmosvaloper1jkn3w5rm7lp0pn07qxc4d3rxdxre7h23xty2v9
RRU.ONE,evmosvaloper1fwtfcx8qqrflm2kuhn9sq6gx5cqe4g539906q5
DefierEvmos,evmosvaloper1fhfkklmv764r3u6kqkeflmddr6rlzhf4r9lae6
Stake Village,evmosvaloper1kgrgr602emu8nc2rhfvt7pzxf33jfu4fgd204r
Expanding.space,evmosvaloper19ukysy0y8vftenua47390kmg82t8explqkj4gy
 SpacePepe Labs ,evmosvaloper1vm5fvg57aeqp7xwl3umev7z0364jzvcfzlnfew
2xStake.com,evmosvaloper1ur0zjltn3qs5xzx4rn8ekr828f4tglyhu50c0w
Blockwavelabs,evmosvaloper1l840d9sse36j9cvzgq98vennrzuu5l70l5shhc
LuckyFriday.io,evmosvaloper1aaldzsaw0rv4qk2587hy3uyg25qpmgd43w38er
BouBouNode,evmosvaloper15hmhnl5h3e248ms0vz2p7ax2e422a2zezjzk38
Oldcat,evmosvaloper1qgzmsvu7n96u006kne6w0u4jqxdj52u9yjxn7w
SkySkipper,evmosvaloper1wvcavhfkww5ccyl6a3fme0tpmucz6n5hxc0xzw
AgoraNodes,evmosvaloper1d4d8cgds89t9a9uph9hr9wp7vzkdcvn9hlkh7w
Pepe Federation,evmosvaloper16p42g8ej2wxn7ss83jnd8ssk27jz3fs2n6nmav
IBCC DAO,evmosvaloper13kx2jlq8p8ntl225wxf83ef89900jzm43kcdkq
Node,evmosvaloper1wyngm5v0gua79ye0v7gxzfrgfl94stdydelvt9
Kitkat,evmosvaloper1zd9n9lcwm9nq2m35perm0z5r7afnqyu5kprdyl
Enigma,evmosvaloper12ecxrqsppsltlaktqagqw6zyapmwkrsra40dh3
Pulsar lowest fee,evmosvaloper1xu3vxzyszxmf6rh4kcv7htup25az84yl7pk673
votes4volunteers,evmosvaloper1kplw4kngrepaclp8570ampuqxuuuugkg2wsxaw
Devmos | Liquid Staking,evmosvaloper1fcej54hr34ue520ehwmty6wvyhqtna0td8kngl
Easy 2 Stake,evmosvaloper17y54dsn8hs6sv9n4z9dm77mwe79kav4eyeqher
Wave,evmosvaloper1y48avyjalxpnd3kt9pneralmp4fj8j04umtq7n
DokiaCapital,evmosvaloper1el42w8xtf33ae6mv2h9g2xug6mll4vx7xgc900
UNSTAKE_FROM_ME,evmosvaloper1az0eeqw5222en0enxz9ect3s8xy4kayznccgjh
kokos,evmosvaloper16xfg4dtls7ysxyvc4swycz2k80p3qkesx88nss
SeltonStake,evmosvaloper1ugsep4ll0a5045psg02qkld9ktr3ycxljcqzx5
Deactivated,evmosvaloper1a36r4jvcprvewxnr2qhfs0h4spec35238s2h7t
DECALI.io,evmosvaloper10ygr8es32ydjkg3zeufvxu526zn8q65acatw6r
Inactive Validator,evmosvaloper13xh50decza8q4ud97ts2epvmtcxnug0tjl532z
SkyNet | Validators,evmosvaloper1u77wfdmv0gj30z0y3wcmdja026vtwjlcsx8mrn
Ubik Capital,evmosvaloper1t5expl5j0wdvs7x9njp2x8t7a224wrlpe825u3
spellbooks.tech ,evmosvaloper1ypulj5qlwhrd2f82ewsf3cvp28rd68vungurfp
redelegate_please,evmosvaloper1ugdc7s6rpf99x0y30h3ygrr5xy0aus63dpqqhz
Let's Node!,evmosvaloper1vvjw4652wfnkn596va77ltewe02mkf7qlj7n3l
Knowable,evmosvaloper107mlv7f87ckvg6rg7mhrhlqylv35pq6kv8fme2
openbitlab-unbounding,evmosvaloper1j5nfqc0pa3575t8pz3t2huqpcauj96tyxdkuhs
Maxxroot,evmosvaloper1mj7hacrfuemmkt7mcjkgps9d7revrk6ylfus3n
redelegate,evmosvaloper1g9rcsa8sr6utp073pdtvqg5xvynv00vshrh5gu
undelegate,evmosvaloper1ffvhfte7wgc3sxy2msp423xlgj9ja4mfatusy0
artifact,evmosvaloper1lyqj60nv007tvsuvyhuu08gldlfzwq28rwxrjx
nodesUP,evmosvaloper1dkw5nng63jk7fye989zhw4jlfs6r8v233ptfwv
PLEASE REDELEGATE,evmosvaloper1qn4nakz5mj8g8drcfz5mway89fwkyf5rpj8dfg
Vanlee,evmosvaloper1can8lfdushdmp8z9zm82dmpt6gz3r2rsxrs8gw
Alt,evmosvaloper1kwjrhfpkhmrn97rz66d5j5s7wjswf5z0emyhgm
Stakepile,evmosvaloper1kxlk7uea4eewqgcynkwmgzgqetmyqtme0c9txw
Please Redelegate Elsewhere,evmosvaloper1vkrhllc9ufpymtgpxhaqfp8qcxw7cnhuk3c6l6
Do NOT delegate - inactive validator,evmosvaloper1cxv3qjqch9dntx8dzddkrq6stwf6xu07xlm8st
stake2earn,evmosvaloper1mxeqxy6v9wqgfqljw6af44ygcgrya7wv04jeur
Darvin,evmosvaloper1zqf4s6t0r4elu07krs5kquf6meme2qm54hzhsf
LiveRaveN,evmosvaloper18smfdr4zqavhs080cjtf9c0s4x9nzfwx4k02q5
Old Validator,evmosvaloper1tuup69wz94u62g9tjuphj3vuvqyh3t006h4l0n
Please Redelegate,evmosvaloper1454caan87y0828wkpwrp77zs59jhddx9pchcqy
WeStaking,evmosvaloper152644qg2h4qmqutftr9fnug0ypxw2apmjgk6rp
BartestneT,evmosvaloper1ny0dzf3wkutdfgxkk6us0xwal7gpuj4hnecw23
Saturn,evmosvaloper1w0dmlxd3rywxwcdsjgevjyc87gh32s205dyh90
Synthex,evmosvaloper1p3krr2vet7khftlfhxhp47wu4ce7at0adqnt34
staker-space,evmosvaloper102jhnxtf9fuaclxwh2r6cg84ml8yzf2unwdl77
rxpwnz  | Genesis Validator,evmosvaloper1wzx5g45x7reftxzl3ss0lgk0wh08egmyrg0uhy
STC Capital,evmosvaloper16p2mdzfj5crncwpuxp6ar5mnsq4cn6mv2gvt02
.,evmosvaloper1z8gn6dmcjv8uph2snz2qcq9jflqdkcy2qudkpz
UniverseDAO,evmosvaloper1ykfvkw7srrdm4vcwwuxuhj6ycvt7mdyadenaf5
Four Moons,evmosvaloper1he7q8w8fnsdh7r6m3h53h7p8k3648hhz2vwcuy
Royal Validator ,evmosvaloper12snku970xte58lx9xngewmmsc9kv039wg5hdsz
STAKE MARS,evmosvaloper13xc78t8vte4ta4p5jg9gcxq6w376qfd7lg70jp
Pulse Stars,evmosvaloper186u36jta2hsxgk5lg8mr6t6fn7r35knxxemkf4
CafeValidator,evmosvaloper13lnsd9psz0usm5gy6y55xp4v64kt54ltnlhmmm
Orbital Command,evmosvaloper1f02m4jkx2p9r9ps50j87e0kmjaggru07lldfwy
i1off,evmosvaloper1vs0vvzpudrattan5pqs9caa38uavj4679rt5pn
Summit Node - Pls Redelegate,evmosvaloper192gu3czvj3x6rp5fe6vl6vsaw95g86uqlsayla
Out of active set,evmosvaloper1x956sa74evkx4tma64s7hxaa3lrsrfmvqnvhrv
Sigma,evmosvaloper1gxfglzw5g8l429fewcwfrdhtfml2qtysp8t8nm
Stake-Take,evmosvaloper1adl6xd3klu689caymhn6hhakpfues5e30n5p3m
Apple juice ,evmosvaloper1txjps3yasu4vk8wglwhsmfwgglsvn80v26mhyy
OZMAGE - REDELEGATE TO ZENITH STATION,evmosvaloper1aafywn5c85v2m06wr9famd0p4wp8grt0pcsfsy
Evmosis,evmosvaloper1t2qca5lssa3vzcvacfeck0wrtq5sqq6upz2h07
Suntzu | AZclub.pro,evmosvaloper1g42a23klcwhdmmkmq43d8awe6xdtsuk6nlaevz
SweepStake,evmosvaloper1862ed57tg9vrjm34r03n0l427ufzj3z8nmqwp7
Validape x GT Capital,evmosvaloper1yqj0hqaw7694nwa2cumusrqqqhnsemdgutns7p
Illuminati,evmosvaloper13rh82yhf4zzf9n44e32e7r30ackggkvu6ps426
Merak.run,evmosvaloper1k35wzk4slyz2ly9wycjqjs5ed7mwjl2y7msgdz
BlockBlimp,evmosvaloper18ukxy5rl8w8wjkwlm029v05mz5pa6yj893427x
MCB | mcbnode,evmosvaloper1gp3smgnl92elvknutdz4jvc0yfjfhz9gs8c8yd
Kynraze,evmosvaloper1xskpkvmc8chtvgy5zv4wzf3mkrjnmke8ddgftk
Noderunners,evmosvaloper1y96y6awujpq8sz4vd2rvejxs25mhrs6fqt0lkv
AG_Node_Evmos,evmosvaloper1lfywrrzgt0dmhuhxfn0ahn6909x0pgwuxgnwcz
Please Redelegate,evmosvaloper1fw57tpm54qnapgwc3raajhvej7xsztdmyxp30a
Reality Flux | NFTSwitch.xyz,evmosvaloper1n4zajqylnmk7kmnymq4ceynzlkq68j9l6qrxmg
Do Not Delegate - [Discontinued],evmosvaloper1m9h4m6d8nw8fjewsqjtkv9zzk7jc5cxhpn73up
sff-stake,evmosvaloper10ylvjl494au5y2xymx2jq0faackekkrvtqw8g0
Please Redelegate Elsewhere,evmosvaloper187860d5xukeksge9jz3wwff7h68asdafxdxh4r
PLEASE REDELEGATE - Flipside,evmosvaloper1myawyc7skexkafq43sdj8n4wah3fdgt9lhkmeh
stake-machine.com,evmosvaloper1gk9cqangsfrd8dd92fyplmpqhft0zk0fa5ctjk
mugglepool,evmosvaloper1gcxj4cetmlehuzvf5tz7s0wagn868jdlvgfdhk
jux29m0v,evmosvaloper1xpu2a0us66uw9t0798en64dunegn30mu0lg8ld
Unity Capital,evmosvaloper1f86x5htxmxcwnz0nwyszzww9wh3hjkeyhwkjp5
moula.tech ,evmosvaloper132z5p9vl4rqa0smxw0t8xmdr3uwteqqyayn0a4
web34ever,evmosvaloper1rq0r53s3wg4854n05tg0hrw5u3jaqlw483z0pg
Natalia,evmosvaloper1xvrdg707g8kug8k9zlrpqamfukzt5qnc8uj27z
Staketab,evmosvaloper1p5650lhupzf9wllenm5nwpl4mycj9p4dceg7g6
z,evmosvaloper1y56smujn0dr4k8nm9zc844jx2v7gzxeq6cvued
 | old-DeFi100-iCosmosDAO,evmosvaloper1ratv3lvtg3vz9ravf25cqr8mp2lsdn4vuucudm
PosPool,evmosvaloper1kf44guytqa49v0d5wr6933xwap7kdkdcw3892n
Bi23 Labs,evmosvaloper1ksdaejzyj2jm3zcf92kxgvrl6z457wg2g7mlmr
PUPMØS,evmosvaloper13ajpsskazazxre46ulcqpm0cc0ad9we4kayc34
SecorD,evmosvaloper1cxpkev44hfqx2pcyx0zl80f9skfdcym02j5krm
cryptobtcbuyer,evmosvaloper1j6zuz54sum48ylpzjqt4jugjmr4lw6srudv7c4
NITAWA,evmosvaloper15zgjlh6aqrc36nuvwwnpvmgq8vjqkvsydmun5u
azstake,evmosvaloper1r4egnngxqudu7nsxa6uygcygn36j30v7w3luh6
JAILED_NODE,evmosvaloper1h5zzeup9a3qznt3vjfs6lks2duq7te43rux0xm
ALTER | pathrocknetwork,evmosvaloper1d50xeftm2drujqxec2dua7a3c7lj024u9qvz4a
Hdmiimdh,evmosvaloper1qnezlwhpjhhev6wmvul8w93f66mdetdayeg2t9
validator,evmosvaloper12p3862gzq9zdzq0e64mcc23ddyykray8la3400
Numenor.one- Please redelegate away,evmosvaloper1svnq0p23hal3llc86jp484hqac8l3as929wqf2
gryhail,evmosvaloper1gmfzlmdv55xftch7y20lyk8pruxcm42lpxzlwv
StayWithEvmos,evmosvaloper1uenrqlgva4k84en7cvp0cac50vwsdx9nrnxl4c
sff_stake,evmosvaloper162fmljm289vplvwwqeth6h3srwt6pxqvhsp2ey
Goooodnes,evmosvaloper16ahga2u3q6ueer5me26g7ws2ckjdrx4qcgdzwn
Artela,evmosvaloper1w0h3r47kx36gxcun4dlvlydhrq4gyjqq09lv7e
FirstFoundry.co,evmosvaloper14am0eysycla4ljymp8nhtul5am66wldtkkl840
StakeBenefit,evmosvaloper1res70qjq47e2acmgfc909n373y3r2my4mxzxs4
Gordian Staking,evmosvaloper1emlluf3tym8scj4aeer5470qp22mw3r9slkma8
Valli,evmosvaloper129qy4mr22azrp3vhxyw72zmth5t75fk4xx2p6k
NewNatalia,evmosvaloper1ls6387n3qnqtylkrh9pg66fq2c24ermf3uexhs
terlia,evmosvaloper1m2h0neyc2zjep2072cqhakmt5qsxwvppsuhll3
EthermintMikhail,evmosvaloper1pmrxm04m5f320hrrtutjmys74l89xn5x3n6fqv
TesseractOps,evmosvaloper1fea4zwaf04wx4m2jc9xj59zw8wsaz3qfh5ryyv
Do not delegate,evmosvaloper18gjfm7hfz8xys60fa2fesdt4a5fxpsdxvzltee
ProtofireDAO,evmosvaloper1sw4hs8x4yrwguhfst82t8lr0pv77x5hj0pryrf
NodeZ,evmosvaloper18dev6zevkjqgwdh4u2swx2t6qj7d0qn05vt9pq
Sarvodaya Validators,evmosvaloper15dj8yrvd2tvr3pa4upr5yjrt2xe47uecquw9kg
Meduza,evmosvaloper1aw4gm8z8x5wcuk72xxvxgt0ukljul4wex9v9lt
GGSYSTEMS,evmosvaloper1zmdezgf0mcs08tj24xskdgkzhnknzdfmx5nnuq
PLEASE_REDELEGATE,evmosvaloper10g7hsnzht9vxetpz274nmw79txn3pa0sgm49nu
x3m,evmosvaloper195v27mgytr20804sfpmwg2n6x57u28vwsvyjpa
md_moniker,evmosvaloper144p4mlj9ju8rencusw2835cjmu9yf2v86mc6h8
Best APR  NodesByGirls,evmosvaloper1nrfrfllqphnwr9a2qefqft74a0648e6f4mkzkf
Messi,evmosvaloper1m8dmmkxcarg0r65k5znev4utv5nzy049sk009n
Gabijke,evmosvaloper1rd3acdgvspcwr62696nnnfrge9yw5wcm8wya6f
stakingcare,evmosvaloper1r0q7zg2kxehn5aw9l3dntgtt5mh7j727h7fnuz
cyberG,evmosvaloper1zha88aa7m2uc793avhpe6qukfxnrf2jgwjje9c
NXTPOP,evmosvaloper19z2ktgjcwwrjdj226t5vhxaefjr9m7fvct7fj5
Steady Crypto,evmosvaloper1tk6r5a0y4llfmtqaskf538ts6tgr0hhnn6qgfq
bashibozuk,evmosvaloper1vy0e576hp54yr7kmmyxw0546ttx6y83pyferh6
hitr,evmosvaloper1426c3rs6fkt8wt4p8w8nl48nn7zpvd0xxvjeq9
Validators United,evmosvaloper108z94rdyxa2a3qtrpq6zl9zkzxw2555w3lfday
steak and eggs,evmosvaloper1qqzc6fnq984f4qhp09whpycgke50wcgu5s8rha
Start-Staking.cc,evmosvaloper1d8ulds7q7s4cnq3t8eetlrt0e5anxwyqym9v3s
Fesh,evmosvaloper1326mc8893qqaac394x7j42hfr00unvffglz37t
3Tekos,evmosvaloper15gev42txx898lv79d4p78mf8su274p5hj5flqu
Moneto,evmosvaloper1qzyw0ckm8apl7ktl90whuqn6yfdgjs6p4fgxs2
Lex_Prime,evmosvaloper12lg2v2whm9p0yxrqsfss269njnthcs3ljk6aev
Evmos DAO,evmosvaloper146luw8xaes2pkvhurgd8wdlun4d337z2mspw6a
GoBlue,evmosvaloper1qx28xgfqvmt9yc3twd6mlfaltqef3thyluc2xn
nysa.network,evmosvaloper1p0p304c2n9xulzlwgrd2u9nv7w35yg939k7rgu
Paranormal Brothers,evmosvaloper1z2k72z646zng4eh6cxvpwqk95a7wz96acadu98
3ventures.io,evmosvaloper1xj60gs9l3y5lv80jhruy20ztmkrnkh9uh8t6mv
Shawn,evmosvaloper18l5hwsyprz7lrht254fz5y9dl2xezvlnh6kk2z
bitszn,evmosvaloper1gkmhdy68q0uxnnnham9nnrv04uq6pndp5ewydv
Kintsugi Nodes,evmosvaloper1fah2lu8wew6avm9ve037n92dkvzjggjza5y80c
evmos-validator,evmosvaloper1t2jwegmclgal0d5g7gmkp2mz8tcqdhpx2jfj7l
Oneplus,evmosvaloper15w79j4pfzp9xzcsvt525gad0yusklwsm8nfnjv
Start-Staking.cc,evmosvaloper1plda7hy5z989fhsulmr7wtve3wxrax9yuwmg9e
StakeSeeker by BTCS,evmosvaloper1fpwl3fqr40hq9wzkmdthq7mfy8m7xp6t38ud3x
Himalayas,evmosvaloper1gprw5m3qq4lukvufssh567yljur6nlutl6fh4x
Stakeme.io,evmosvaloper1vg55n0rme285ncdjd0dwhylm0f4dgyfn5ar48g
NODEJUMPER,evmosvaloper1hm5elxdjfx4pltn00e0tde0avhpj03tynuhkk3
BAT,evmosvaloper1ewy85dtectk68z6cnpt6vmkgsqwkwttgtpejzh
Blockwave Labs,evmosvaloper1gwteu8vxjfale96smn7vgd06kwc22yt6qpjdc0
evmos01.corehounds.com,evmosvaloper14cr7emyypxrf0mrwj3g4u8ly42xr6kc5x7lgm9
Offline,evmosvaloper17m80vwsx8eveq78puqztz9xxvee4306spsa0xm
PLEASE REDELEGATE ASAP,evmosvaloper1hygh3ferns6tnu0kg03aspc8yrlm6593rkru6c
evmos-node,evmosvaloper1fw7gy6t7r4mxhfydprnd68zalpjlfl47pfx89r
stake-without-me,evmosvaloper1pj3ras3xlu4kkn9mey54yyj2vt70rrdsfwcqyp
Uplink,evmosvaloper1pmtjcxek9xsejzh3g9pngmxkv5g7zhu8l4pnv0
davich,evmosvaloper1plnlrha4r7ujjghv6dj9fghqdlg6h6ypyetw44
Evmos Testserv,evmosvaloper1ze0k4fhrmnmhax3md3dqc9g4f72l5f5rvnce9a
LL,evmosvaloper1rnp3h6xmpxx9vqhe59hrd605dfs6wltad3ser4
16psyche,evmosvaloper1y7g476f5ysk3pu24whcqxt0l6z2sdfhf5usfr3
StakeThat,evmosvaloper193smnhwr3u6f8p6rjwfp8gsqzynt0wz004nf4t
Nocturnal Labs,evmosvaloper19kppj2lh7aeujswja0f22qzcnzan3nhpymzpak
Londonist,evmosvaloper1fuxr9ycum7lm754hm9t2vqlgrt00p2jz8rzk6j
Zion,evmosvaloper12wx5xq7jx5d2vweh8qk7hkchamv20hzjv5s29e
“L10”,evmosvaloper1vffe0dhxr9hjf20e7fn9ysvu9g3y5nuuww8pek
MoveMove,evmosvaloper1vwvv3y7k797zpkfnq97z65egmpsexqsc43awvx
JMNODE,evmosvaloper10dxxahpx052d4ehy64qlkfxr8znzkwphhm6tzd
ONLY1,evmosvaloper1seaqw0e4ut9d989mptnlpwqpmkpqecpsmsg96y
OracleGen,evmosvaloper13h6mnzt6ld8vzwdc2dtn69c8dltuhvypnkc7h2
EvmosWhale222,evmosvaloper1jpgpzehzdtujedgmq3qd0cxf6vwteucd3xwpum
CLOSING REDELEGATE,evmosvaloper1ng8a20k4th6654ac0exq9fvq0pfrr3ruz2n09d
konqrr,evmosvaloper1krr5u8zl04ytngq4qg6235syumstngfzxp2w95
deactivated,evmosvaloper1e4gkckvq6gkahyxw3cgj24dyg48jmqaccsf6cx
Omnistake,evmosvaloper16phdzw429azscr0ey5gkts4py0sm9h3ah93d40
Salvage,evmosvaloper16zn0p3e7l0mk9c0edquys9yt98g6l4ydmrhank
Top Cosmos,evmosvaloper1uup2g99936ru5ec0vups3t73p3jz9mavj2z9vc
BVS,evmosvaloper1agw0ngwcnxmytm5yt9y3sd6pvs5rqq5v6cap0g
Project Stake,evmosvaloper1a7tnvw8avj320qgpgqfch7z8myf0fd7n4y5vhx
Planetarium Validator,evmosvaloper1xllzrq629yrrs8k3rwf38pracha940f2e7lz9q
Planetarium Validator,evmosvaloper13xdlszy07spnkqguavn4rkdntjszx6pkglpaf9
stake2earn,evmosvaloper1rarnkfmqc5kmrfw88edeuvd4mcj8pdmh246ddq
